date,wave_height_max,wave_direction_dominant,wave_period_max,wind_wave_height_max,swell_wave_height_max,temperature_max,temperature_min,wind_speed_max,wind_gusts_max,wind_direction_dominant
2023-08-18,0.58,173,5.9,0.24,0.56,32.4,20.8,19.1,44.3,144.0
2023-08-19,0.48,165,6.45,0.06,0.46,31.7,19.8,14.5,33.5,274.0
2023-08-20,0.24,180,4.75,0.04,0.22,32.5,21.6,14.9,33.8,272.0
2023-08-21,0.14,224,2.9,0.02,0.14,33.3,23.2,14.0,33.1,170.0
2023-08-22,0.18,233,3.25,0.12,0.16,33.3,23.7,15.5,34.6,271.0
2023-08-23,0.14,230,2.85,0.02,0.14,34.6,23.6,14.1,33.1,163.0
2023-08-24,0.08,218,2.75,0.02,0.08,32.5,24.7,16.2,35.6,158.0
2023-08-25,0.4,221,3.75,0.18,0.4,30.3,22.4,16.8,37.4,167.0
2023-08-26,0.4,233,4.75,0.06,0.4,30.5,24.0,17.9,37.4,254.0
2023-08-27,1.36,268,4.7,1.24,0.66,23.9,19.9,38.0,66.2,330.0
2023-08-28,2.08,302,5.55,1.94,0.76,22.8,17.1,53.4,97.2,323.0
2023-08-29,1.9,303,5.25,1.78,0.7,23.4,16.9,48.9,91.4,322.0
2023-08-30,1.44,291,4.8,1.3,0.68,24.8,17.2,37.6,68.0,320.0
2023-08-31,1.1,262,5.3,0.58,0.88,25.1,18.3,24.9,47.9,299.0
2023-09-01,0.58,226,3.7,0.16,0.54,24.8,19.1,17.0,37.1,162.0
2023-09-02,0.52,169,4.2,0.34,0.3,26.0,19.6,27.1,52.9,130.0
2023-09-03,0.56,160,6.7,0.02,0.56,28.4,17.3,14.0,31.7,113.0
2023-09-04,0.66,153,6.8,0.36,0.56,30.1,20.9,27.9,51.1,122.0
2023-09-05,0.54,155,5.9,0.36,0.54,29.0,20.5,22.3,48.2,135.0
2023-09-06,0.36,159,5.1,0.04,0.34,27.1,18.9,16.9,37.8,297.0
2023-09-07,0.2,165,4.45,0.04,0.16,28.0,19.0,15.3,33.1,339.0
2023-09-08,0.1,155,3.9,0.02,0.08,27.5,18.6,11.0,29.2,154.0
2023-09-09,0.1,138,3.35,0.0,0.08,28.5,18.3,11.6,28.1,134.0
2023-09-10,0.04,180,3.25,0.02,0.02,28.8,17.5,12.0,28.1,239.0
2023-09-11,0.06,216,3.9,0.0,0.06,28.3,17.9,11.9,31.7,176.0
2023-09-12,0.4,207,5.45,0.02,0.34,26.6,19.4,12.0,28.8,153.0
2023-09-13,0.62,198,4.85,0.2,0.42,27.5,20.8,14.8,31.7,193.0
2023-09-14,0.58,228,4.8,0.3,0.4,26.9,17.8,16.8,29.9,310.0
2023-09-15,0.86,160,3.9,0.78,0.28,26.8,19.7,31.1,59.4,131.0
2023-09-16,0.98,134,4.75,0.8,0.58,27.4,22.5,38.6,73.8,110.0
2023-09-17,1.3,131,4.9,1.22,0.62,30.3,23.3,34.6,61.2,112.0
2023-09-18,1.36,161,5.9,1.2,1.28,26.9,21.3,35.0,68.0,139.0
2023-09-19,1.22,225,5.9,0.58,1.22,26.9,19.1,22.7,46.1,301.0
2023-09-20,0.78,210,4.7,0.34,0.68,22.4,19.6,28.1,50.0,127.0
2023-09-21,1.24,188,5.1,1.02,1.04,25.1,19.2,32.2,60.8,141.0
2023-09-22,1.26,228,5.55,0.7,1.14,23.0,17.9,25.5,49.3,303.0
2023-09-23,1.48,285,4.8,1.38,0.58,22.0,15.2,40.7,78.1,317.0
2023-09-24,1.18,292,4.7,1.06,0.58,23.5,13.2,31.3,55.4,343.0
2023-09-25,0.12,223,5.3,0.0,0.1,24.3,13.2,12.8,29.5,290.0
2023-09-26,0.14,227,4.8,0.1,0.12,26.7,13.4,16.3,34.6,325.0
2023-09-27,0.14,226,2.85,0.04,0.12,25.4,13.4,9.5,24.1,320.0
2023-09-28,0.1,220,3.55,0.02,0.1,24.0,14.4,11.1,26.3,315.0
2023-09-29,0.22,224,3.75,0.1,0.18,26.9,15.2,14.0,32.4,301.0
2023-09-30,0.38,292,3.2,0.22,0.26,26.6,19.4,17.4,31.0,338.0
2023-10-01,0.18,234,2.95,0.02,0.14,25.8,16.8,9.6,26.3,141.0
2023-10-02,0.08,179,2.75,0.0,0.08,24.6,15.6,12.4,29.9,138.0
2023-10-03,0.48,219,3.45,0.36,0.32,24.9,16.7,20.3,40.3,281.0
2023-10-04,0.86,300,3.85,0.76,0.38,25.4,17.4,27.2,50.4,328.0
2023-10-05,0.36,251,3.5,0.22,0.22,24.3,13.3,15.0,30.2,299.0
2023-10-06,0.3,233,3.15,0.12,0.22,23.6,12.5,16.2,35.3,127.0
2023-10-07,0.08,188,2.7,0.02,0.08,23.4,14.2,9.5,24.8,125.0
2023-10-08,0.04,221,2.4,0.02,0.04,25.2,14.0,10.7,25.6,256.0
2023-10-09,0.16,218,2.5,0.02,0.16,23.5,14.3,12.6,28.4,305.0
2023-10-10,0.42,214,4.95,0.0,0.42,24.3,14.9,9.1,24.5,302.0
2023-10-11,0.4,210,4.8,0.0,0.4,24.0,15.0,10.4,26.6,168.0
2023-10-12,0.22,220,3.55,0.02,0.22,24.1,17.0,12.9,29.9,303.0
2023-10-13,0.52,178,3.7,0.36,0.38,23.9,16.7,22.2,44.6,112.0
2023-10-14,0.68,199,4.3,0.46,0.42,26.0,17.0,20.1,41.0,309.0
2023-10-15,1.26,306,4.45,1.2,0.62,20.9,14.4,35.4,67.7,324.0
2023-10-16,0.86,147,4.25,0.72,0.56,21.3,13.8,37.0,70.9,108.0
2023-10-17,1.14,130,4.85,1.04,0.46,21.5,18.0,31.0,59.0,111.0
2023-10-18,1.52,125,4.95,1.5,0.36,23.1,19.1,40.0,76.3,110.0
2023-10-19,1.78,173,6.2,1.16,1.46,22.7,19.6,36.0,70.2,126.0
2023-10-20,3.08,201,8.45,2.4,2.76,21.2,18.3,42.3,79.6,199.0
2023-10-21,2.28,225,8.25,0.58,2.16,19.8,15.4,21.7,41.0,303.0
2023-10-22,0.84,213,6.6,0.28,0.54,18.8,10.7,15.8,32.0,1.0
2023-10-23,2.06,136,6.05,1.9,0.94,23.3,18.0,44.7,86.8,111.0
2023-10-24,1.52,193,5.95,1.18,1.06,20.6,17.6,30.4,56.5,197.0
2023-10-25,1.42,206,7.45,0.24,1.42,20.7,13.3,19.4,35.6,288.0
2023-10-26,1.98,207,6.85,1.04,1.66,21.9,15.6,35.5,60.1,196.0
2023-10-27,2.16,218,7.75,0.98,1.88,19.9,15.6,38.1,71.6,294.0
2023-10-28,1.24,206,7.15,0.52,1.12,20.0,10.8,20.9,40.7,130.0
2023-10-29,1.78,200,6.05,1.16,1.4,21.2,18.7,30.9,58.3,154.0
2023-10-30,1.32,196,5.7,0.66,1.16,19.2,15.9,32.7,57.2,135.0
2023-10-31,1.04,231,5.6,0.64,0.72,19.2,12.5,28.7,55.1,306.0
2023-11-01,1.58,215,6.2,0.76,1.44,19.8,13.9,28.2,54.0,177.0
2023-11-02,2.32,204,8.6,0.88,2.22,20.2,11.8,34.8,63.0,207.0
2023-11-03,2.42,222,8.45,1.3,2.02,14.2,10.9,35.0,63.0,291.0
2023-11-04,2.98,219,8.5,1.52,2.82,18.3,9.4,33.0,60.5,213.0
2023-11-05,2.82,211,9.15,1.24,2.66,17.8,12.6,32.0,61.2,288.0
2023-11-06,1.56,216,7.35,0.44,1.28,15.7,10.0,19.4,41.4,341.0
2023-11-07,0.72,235,5.8,0.22,0.64,14.8,8.8,16.3,33.8,317.0
2023-11-08,0.44,227,4.85,0.14,0.4,15.3,8.9,15.3,32.4,323.0
2023-11-09,1.56,213,6.05,0.62,1.46,14.9,10.4,24.4,46.8,170.0
2023-11-10,1.58,241,5.6,1.14,1.0,14.4,11.3,28.7,51.8,300.0
2023-11-11,1.48,251,5.5,1.14,1.1,14.7,9.0,28.1,50.0,310.0
2023-11-12,1.08,235,5.35,0.78,0.8,17.7,10.8,27.3,50.0,308.0
2023-11-13,1.04,234,5.4,0.66,0.78,19.3,12.3,23.1,41.8,317.0
2023-11-14,0.52,209,5.4,0.3,0.48,21.1,14.3,21.2,36.0,325.0
2023-11-15,1.12,285,4.3,0.96,0.58,17.9,13.1,35.1,66.6,317.0
2023-11-16,0.74,257,4.75,0.46,0.54,15.6,10.7,32.2,58.3,325.0
2023-11-17,1.64,283,5.7,1.2,1.02,14.9,11.2,37.8,74.9,321.0
2023-11-18,0.98,305,4.05,0.9,0.46,15.2,7.8,30.4,56.5,324.0
2023-11-19,0.42,218,4.85,0.14,0.38,18.1,10.6,15.5,29.5,326.0
2023-11-20,0.82,260,4.45,0.46,0.64,18.5,11.7,23.8,47.2,325.0
2023-11-21,1.42,287,5.0,1.2,0.82,14.9,10.8,41.8,78.5,320.0
2023-11-22,1.34,308,5.3,0.96,0.8,16.7,8.7,24.9,48.2,344.0
2023-11-23,0.8,297,5.15,0.52,0.64,12.7,5.2,19.2,38.5,331.0
2023-11-24,2.3,297,6.2,2.18,1.12,14.1,4.5,48.8,89.3,330.0
2023-11-25,2.22,315,5.4,2.1,0.66,11.0,5.0,48.6,90.7,329.0
2023-11-26,1.32,317,4.65,1.26,0.42,10.5,3.8,30.9,55.1,334.0
2023-11-27,0.4,245,4.7,0.16,0.3,11.2,1.9,10.9,24.1,330.0
2023-11-28,1.58,261,6.1,0.94,1.34,13.3,7.3,35.6,64.8,318.0
2023-11-29,1.38,268,7.45,1.16,0.64,10.4,3.0,34.4,63.7,335.0
2023-11-30,1.16,187,7.05,0.58,1.14,16.1,11.0,29.3,51.5,125.0
2023-12-01,1.8,196,7.45,0.52,1.8,16.2,7.1,24.4,48.6,168.0
2023-12-02,1.66,259,6.0,1.4,1.08,8.5,2.0,43.1,78.5,322.0
2023-12-03,1.64,297,7.5,1.46,0.62,8.5,0.0,43.8,78.8,332.0
2023-12-04,1.26,178,6.6,0.84,1.16,11.2,7.9,34.6,62.3,112.0
2023-12-05,1.36,237,5.9,1.02,1.12,11.6,7.2,28.5,54.7,317.0
2023-12-06,1.04,281,5.2,0.78,0.86,10.6,4.6,27.4,51.5,328.0
2023-12-07,0.66,240,3.95,0.64,0.3,11.7,1.4,26.8,47.2,82.0
2023-12-08,1.14,196,6.05,0.86,1.14,12.8,8.8,34.0,60.8,68.0
2023-12-09,1.04,244,5.9,0.54,0.66,12.8,6.1,22.1,44.3,333.0
2023-12-10,1.1,233,5.4,0.56,0.94,14.9,9.3,36.2,67.3,320.0
2023-12-11,0.46,215,5.3,0.1,0.46,16.4,9.8,16.6,29.5,336.0
2023-12-12,0.52,215,5.15,0.1,0.52,17.4,10.6,15.9,29.5,336.0
2023-12-13,1.96,243,6.2,1.3,1.36,13.0,10.6,30.8,56.9,288.0
2023-12-14,1.92,279,6.25,1.62,1.38,11.7,8.8,46.3,87.1,322.0
2023-12-15,1.84,296,6.05,1.34,1.08,12.5,6.8,35.6,64.4,339.0
2023-12-16,0.6,280,4.75,0.32,0.38,14.3,3.1,13.4,23.0,0.0
2023-12-17,0.3,143,5.35,0.04,0.26,14.9,3.9,9.7,19.1,3.0
2023-12-18,0.32,143,5.3,0.04,0.3,14.8,3.2,6.6,13.0,35.0
2023-12-19,0.58,208,5.8,0.26,0.48,13.4,6.5,14.1,24.8,336.0
2023-12-20,2.16,287,5.7,1.94,0.94,11.3,4.0,47.8,88.2,324.0
2023-12-21,1.84,286,5.75,1.6,1.14,13.3,7.4,40.0,75.6,318.0
2023-12-22,1.88,277,5.9,1.46,1.12,15.2,11.5,45.6,84.6,317.0
2023-12-23,1.8,292,5.7,1.52,0.88,13.1,9.6,46.5,87.8,320.0
2023-12-24,1.46,272,5.25,1.34,0.78,14.8,9.4,37.4,67.0,316.0
2023-12-25,0.72,246,4.6,0.36,0.62,13.7,6.4,19.8,35.6,314.0
2023-12-26,0.4,222,4.0,0.12,0.34,11.9,5.6,13.5,27.0,333.0
2023-12-27,0.52,168,3.95,0.46,0.32,14.2,6.9,21.6,41.8,129.0
2023-12-28,0.5,201,4.05,0.3,0.44,14.2,9.3,16.8,34.2,113.0
2023-12-29,0.46,209,4.6,0.02,0.46,15.4,8.1,10.3,21.6,95.0
2023-12-30,0.64,177,4.3,0.52,0.26,13.8,6.8,19.3,34.2,113.0
2023-12-31,1.16,195,4.9,0.76,1.02,14.3,9.7,28.6,53.6,166.0
2024-01-01,1.16,248,5.05,0.7,0.88,12.8,6.8,25.0,44.6,316.0
2024-01-02,1.12,216,5.95,0.32,1.12,14.0,5.6,18.7,35.6,137.0
2024-01-03,1.12,206,6.1,0.38,1.12,13.9,9.3,24.4,42.5,318.0
2024-01-04,0.94,233,5.05,0.56,0.82,14.8,9.3,26.1,46.1,313.0
2024-01-05,0.76,201,4.75,0.38,0.68,14.0,8.5,21.9,40.7,127.0
2024-01-06,2.04,293,5.45,1.9,0.84,9.8,6.9,48.9,90.7,328.0
2024-01-07,2.42,301,6.5,2.02,1.14,8.2,5.6,47.8,88.6,328.0
2024-01-08,2.0,294,6.3,1.56,1.08,6.1,1.4,34.0,63.4,326.0
2024-01-09,1.06,281,4.85,0.76,0.68,8.6,1.2,21.8,38.9,328.0
2024-01-10,1.22,137,5.3,1.0,0.62,10.4,5.5,29.3,53.6,109.0
2024-01-11,1.12,130,5.55,0.84,0.82,10.2,5.5,26.3,47.5,56.0
2024-01-12,0.68,291,4.4,0.52,0.34,7.6,1.0,19.3,37.1,328.0
2024-01-13,0.48,268,3.7,0.24,0.34,11.1,0.5,10.3,21.6,331.0
2024-01-14,0.52,212,5.1,0.14,0.46,8.0,1.7,14.2,29.9,324.0
2024-01-15,0.82,232,5.1,0.42,0.52,13.1,5.3,20.0,37.1,323.0
2024-01-16,0.72,230,5.55,0.42,0.46,11.6,6.4,21.6,39.2,328.0
2024-01-17,1.78,189,7.0,1.06,1.76,15.2,7.1,32.4,65.2,129.0
2024-01-18,1.72,205,8.1,0.22,1.7,16.4,9.0,17.7,32.4,335.0
2024-01-19,1.68,267,7.7,1.24,1.6,12.8,2.5,34.0,67.7,328.0
2024-01-20,0.8,148,6.35,0.34,0.58,7.0,1.9,14.6,25.6,339.0
2024-01-21,0.44,155,6.4,0.06,0.4,11.7,1.9,13.1,28.4,8.0
2024-01-22,0.84,211,6.0,0.22,0.82,13.6,3.9,15.3,30.2,160.0
2024-01-23,1.1,261,5.05,1.0,0.8,15.0,8.5,35.8,68.4,315.0
2024-01-24,0.84,278,3.9,0.66,0.5,17.7,10.1,31.7,56.5,325.0
2024-01-25,0.82,290,3.95,0.7,0.48,17.7,10.9,30.9,58.7,324.0
2024-01-26,0.82,310,3.7,0.72,0.38,17.9,11.3,31.8,57.2,327.0
2024-01-27,0.84,302,3.8,0.78,0.36,15.8,8.2,30.7,56.2,333.0
2024-01-28,0.6,155,3.65,0.48,0.34,16.8,6.5,22.7,43.2,124.0
2024-01-29,0.66,161,5.7,0.32,0.62,15.2,8.9,19.7,37.4,122.0
2024-01-30,0.74,169,6.7,0.14,0.72,13.8,6.0,8.0,19.1,110.0
2024-01-31,0.6,170,6.7,0.04,0.6,13.6,6.1,11.7,25.9,325.0
2024-02-01,1.52,286,5.2,1.24,0.86,15.3,6.6,40.5,72.0,327.0
2024-02-02,1.4,273,5.65,0.94,0.88,17.8,6.3,21.1,47.9,341.0
2024-02-03,0.58,262,5.0,0.42,0.42,15.6,6.0,20.3,36.0,312.0
2024-02-04,0.72,270,4.4,0.48,0.48,15.4,6.8,21.6,41.8,326.0
2024-02-05,0.5,248,4.1,0.24,0.34,16.7,5.5,18.5,36.7,320.0
2024-02-06,0.68,223,5.55,0.18,0.56,13.8,7.0,9.7,21.2,313.0
2024-02-07,0.64,263,4.75,0.48,0.54,15.2,4.3,21.8,43.2,315.0
2024-02-08,0.94,207,4.85,0.58,0.72,15.8,8.1,29.6,53.6,92.0
2024-02-09,1.94,197,6.5,1.36,1.68,14.6,12.2,33.8,62.3,154.0
2024-02-10,1.76,202,6.5,0.94,1.54,13.7,9.1,36.0,65.5,207.0
2024-02-11,2.04,251,7.15,1.28,1.26,13.8,8.0,37.2,70.6,305.0
2024-02-12,1.52,241,6.1,0.9,0.94,11.9,5.9,25.4,48.2,320.0
2024-02-13,0.88,254,7.15,0.66,0.62,15.2,6.4,25.8,46.8,331.0
2024-02-14,0.46,212,7.1,0.14,0.36,15.9,6.5,11.2,22.3,16.0
2024-02-15,0.66,158,4.25,0.52,0.42,15.4,9.7,23.8,44.6,121.0
2024-02-16,0.66,171,6.5,0.26,0.64,16.1,8.3,16.6,31.7,7.0
2024-02-17,0.92,216,6.5,0.18,0.72,17.6,6.8,19.1,33.5,340.0
2024-02-18,0.66,249,5.05,0.52,0.5,16.9,7.0,22.1,40.0,315.0
2024-02-19,1.4,294,4.7,1.18,0.7,17.2,11.4,41.1,72.0,330.0
2024-02-20,1.36,299,4.95,1.26,0.8,17.1,8.6,39.2,69.5,332.0
2024-02-21,0.44,250,5.4,0.14,0.4,13.7,7.5,17.3,35.6,142.0
2024-02-22,2.3,200,6.75,1.5,1.58,14.0,12.2,33.2,62.6,165.0
2024-02-23,2.18,230,6.8,1.16,1.88,13.2,8.1,35.5,68.0,297.0
2024-02-24,1.22,225,6.45,0.46,0.88,12.6,4.3,17.2,36.7,317.0
2024-02-25,1.46,212,6.1,0.86,1.34,13.8,3.2,31.8,58.3,165.0
2024-02-26,1.4,201,7.7,0.42,1.32,14.1,10.3,19.7,37.8,198.0
2024-02-27,1.3,219,7.7,0.42,1.12,13.8,7.8,20.5,37.1,329.0
2024-02-28,1.24,261,7.45,0.52,1.06,14.7,8.4,25.0,50.4,327.0
2024-02-29,0.98,267,5.5,0.52,0.78,16.3,5.6,15.7,31.7,321.0
2024-03-01,1.62,263,6.05,1.18,1.24,14.8,8.8,39.7,74.9,319.0
2024-03-02,2.08,208,6.55,1.4,1.5,15.0,7.0,35.4,66.2,145.0
2024-03-03,2.12,208,7.1,1.18,1.9,13.2,6.9,35.7,64.1,114.0
2024-03-04,1.68,268,6.45,1.24,0.98,13.6,6.4,35.0,64.1,325.0
2024-03-05,1.4,269,5.2,1.12,0.84,14.2,7.7,33.7,62.6,309.0
2024-03-06,1.4,275,5.2,1.14,0.82,13.1,6.4,34.1,65.9,316.0
2024-03-07,0.58,236,6.45,0.36,0.42,13.5,2.3,14.2,29.5,121.0
2024-03-08,2.18,148,6.75,1.9,1.6,12.4,9.3,47.2,90.7,101.0
2024-03-09,2.62,168,6.8,2.12,1.6,13.5,9.8,49.4,88.2,123.0
2024-03-10,2.72,191,7.4,2.04,1.96,13.4,9.7,45.9,88.6,173.0
2024-03-11,1.56,223,6.7,0.9,1.5,13.6,6.2,26.5,52.6,308.0
2024-03-12,1.58,276,6.15,1.12,1.14,15.1,9.2,35.6,68.8,322.0
2024-03-13,0.92,270,4.4,0.68,0.56,16.6,6.8,25.8,48.2,331.0
2024-03-14,0.3,207,4.5,0.12,0.22,14.9,6.2,15.0,33.1,137.0
2024-03-15,0.38,215,4.3,0.04,0.36,15.8,8.6,14.6,32.4,300.0
2024-03-16,0.74,252,4.05,0.58,0.54,18.9,10.4,28.5,55.4,315.0
2024-03-17,0.62,233,4.15,0.3,0.54,16.2,9.0,16.6,29.5,129.0
2024-03-18,0.64,254,3.6,0.48,0.42,20.6,9.8,23.0,43.9,320.0
2024-03-19,0.62,251,5.45,0.38,0.42,17.1,9.6,20.7,37.8,88.0
2024-03-20,0.38,170,3.95,0.34,0.32,17.3,9.1,22.7,45.0,134.0
2024-03-21,0.52,193,4.1,0.26,0.32,18.5,8.2,24.1,42.1,297.0
2024-03-22,0.58,191,5.7,0.26,0.4,18.7,10.4,24.8,43.6,305.0
2024-03-23,1.24,242,5.1,0.86,0.86,19.0,9.4,32.2,64.8,323.0
2024-03-24,1.18,281,4.85,0.96,0.84,14.9,10.0,36.6,71.3,324.0
2024-03-25,1.4,149,4.75,1.38,0.5,16.4,6.2,37.2,68.8,111.0
2024-03-26,2.08,125,5.95,2.04,0.54,15.3,11.6,44.2,80.3,102.0
2024-03-27,1.64,191,6.9,1.36,1.36,12.6,8.8,30.1,59.0,235.0
2024-03-28,2.2,205,9.1,1.0,1.7,15.7,12.6,32.0,57.2,181.0
2024-03-29,1.88,175,7.85,1.56,1.66,18.2,13.6,39.2,73.1,122.0
2024-03-30,1.78,152,5.5,1.58,0.78,17.8,13.4,39.0,70.2,124.0
2024-03-31,2.26,183,6.45,1.94,1.36,16.0,12.6,43.6,77.4,144.0
2024-04-01,2.4,203,7.1,2.06,1.94,14.6,9.8,35.5,68.0,244.0
2024-04-02,1.22,209,7.05,0.18,1.22,16.6,9.4,22.0,43.6,300.0
2024-04-03,1.2,209,5.95,0.24,1.18,18.6,12.0,19.0,37.1,146.0
2024-04-04,0.68,205,4.9,0.16,0.68,18.1,10.2,14.6,30.6,124.0
2024-04-05,0.88,185,4.6,0.62,0.66,18.3,13.5,26.6,51.8,122.0
2024-04-06,0.78,173,4.8,0.48,0.62,20.3,13.8,23.7,45.4,119.0
2024-04-07,0.86,154,4.6,0.58,0.66,21.3,16.4,25.4,46.1,122.0
2024-04-08,1.56,145,5.1,1.52,0.72,23.8,16.8,43.0,76.3,119.0
2024-04-09,2.04,229,6.5,1.3,1.52,17.6,11.9,41.5,79.6,321.0
2024-04-10,2.28,299,5.8,2.06,0.96,16.4,10.0,53.4,99.4,323.0
2024-04-11,0.82,281,4.8,0.58,0.48,20.7,9.4,14.6,28.1,316.0
2024-04-12,0.38,258,4.0,0.14,0.36,25.6,10.3,13.6,29.5,321.0
2024-04-13,0.26,250,3.1,0.04,0.22,22.4,11.4,11.9,27.0,139.0
2024-04-14,0.1,226,2.9,0.02,0.1,22.8,12.9,12.1,27.4,294.0
2024-04-15,1.74,246,5.7,1.38,0.98,22.7,12.3,32.2,56.9,298.0
2024-04-16,1.78,282,5.65,1.58,0.94,16.5,12.9,47.7,94.7,321.0
2024-04-17,1.4,299,4.85,1.26,0.74,15.5,9.5,42.9,83.5,326.0
2024-04-18,1.7,302,4.95,1.62,0.7,14.0,8.6,45.8,90.4,327.0
2024-04-19,1.14,299,4.75,0.94,0.54,18.5,5.9,34.0,65.2,324.0
2024-04-20,1.44,308,4.45,1.4,0.48,15.0,9.9,48.0,90.7,329.0
2024-04-21,1.5,323,4.5,1.48,0.42,17.7,6.5,42.8,80.3,334.0
2024-04-22,1.56,318,4.95,1.5,0.56,12.9,5.3,40.9,78.8,331.0
2024-04-23,1.48,309,4.9,1.4,0.62,14.7,6.2,40.9,76.7,328.0
2024-04-24,1.66,308,5.15,1.58,0.74,15.4,7.5,46.9,88.9,326.0
2024-04-25,1.36,282,4.95,1.14,0.7,16.0,7.6,33.6,60.8,304.0
2024-04-26,1.16,198,4.55,0.9,0.64,14.1,10.7,25.8,49.7,119.0
2024-04-27,2.08,132,5.65,2.06,0.6,18.0,11.9,41.5,79.2,110.0
2024-04-28,1.88,146,6.35,1.82,0.94,18.6,14.0,41.9,81.0,115.0
2024-04-29,1.0,157,6.4,0.52,0.9,21.2,14.0,25.1,47.2,124.0
2024-04-30,0.74,153,5.25,0.42,0.6,20.3,14.2,28.5,53.3,133.0
2024-05-01,1.1,145,5.85,1.04,0.82,18.3,13.2,33.4,66.6,120.0
2024-05-02,1.88,241,6.25,1.48,1.18,12.9,10.6,36.6,72.0,289.0
2024-05-03,1.52,239,6.2,0.76,0.92,16.6,9.6,24.9,49.3,296.0
2024-05-04,0.7,215,5.05,0.16,0.52,18.3,9.2,12.3,25.2,141.0
2024-05-05,0.8,181,4.55,0.7,0.4,18.9,12.4,28.4,52.9,124.0
2024-05-06,0.88,162,4.9,0.74,0.66,19.0,14.3,31.0,55.1,124.0
2024-05-07,1.34,253,5.15,1.08,0.86,18.6,12.0,31.2,61.2,308.0
2024-05-08,1.02,261,5.8,0.48,0.84,20.5,11.8,28.4,55.4,315.0
2024-05-09,0.52,263,4.45,0.1,0.46,22.2,11.5,14.3,31.0,297.0
2024-05-10,0.12,232,3.95,0.0,0.12,22.1,13.2,9.8,24.5,308.0
2024-05-11,0.18,228,3.8,0.02,0.18,24.0,13.9,12.6,29.5,301.0
2024-05-12,0.16,228,3.65,0.04,0.14,22.2,13.2,13.8,34.9,287.0
2024-05-13,0.48,175,3.3,0.36,0.26,22.3,13.7,21.4,43.9,140.0
2024-05-14,1.02,144,4.35,0.96,0.62,20.8,16.7,36.0,67.0,121.0
2024-05-15,0.72,160,4.75,0.32,0.6,19.4,15.0,31.9,62.3,131.0
2024-05-16,0.4,203,6.65,0.08,0.34,18.8,12.3,18.1,38.2,236.0
2024-05-17,0.42,206,6.55,0.1,0.36,19.0,10.9,14.4,32.8,160.0
2024-05-18,0.58,202,6.0,0.26,0.52,20.1,13.8,19.7,43.2,152.0
2024-05-19,0.5,199,6.45,0.02,0.48,20.7,12.4,14.8,32.0,145.0
2024-05-20,0.26,197,7.25,0.02,0.22,19.5,13.2,14.7,32.8,214.0
2024-05-21,1.2,253,5.15,1.14,0.72,21.2,14.1,30.3,57.6,278.0
2024-05-22,1.1,249,4.8,0.94,0.86,20.7,14.4,26.5,54.4,283.0
2024-05-23,0.96,237,4.85,0.52,0.86,21.6,14.0,21.4,49.3,278.0
2024-05-24,0.62,237,4.5,0.14,0.56,21.1,12.6,17.4,36.4,300.0
2024-05-25,0.24,192,5.85,0.08,0.22,21.7,11.9,15.0,34.2,285.0
2024-05-26,0.3,174,5.8,0.04,0.26,21.1,12.1,12.9,31.7,204.0
2024-05-27,0.28,192,4.8,0.22,0.2,21.2,15.1,19.6,34.2,263.0
2024-05-28,0.98,295,4.15,0.84,0.56,24.3,15.2,33.9,65.9,327.0
2024-05-29,0.56,272,3.75,0.42,0.34,26.1,15.3,22.2,45.0,316.0
2024-05-30,1.5,262,5.15,1.28,0.78,23.6,17.6,39.1,69.1,294.0
2024-05-31,1.46,293,5.1,1.24,0.86,22.3,14.6,43.5,83.9,321.0
2024-06-01,1.08,285,4.6,0.96,0.72,23.1,14.5,33.7,62.6,315.0
2024-06-02,0.64,261,4.55,0.22,0.6,23.3,13.6,18.5,39.2,317.0
2024-06-03,0.58,274,3.65,0.4,0.42,25.1,13.7,28.2,55.8,315.0
2024-06-04,0.48,238,4.1,0.18,0.42,21.7,14.2,15.3,35.3,239.0
2024-06-05,0.4,221,3.95,0.1,0.4,22.6,14.6,15.4,35.6,154.0
2024-06-06,0.58,213,4.6,0.18,0.54,24.5,16.0,16.8,36.7,140.0
2024-06-07,0.58,207,4.6,0.14,0.54,24.7,18.8,16.1,37.1,143.0
2024-06-08,0.7,166,4.65,0.42,0.48,28.3,18.4,23.2,46.1,127.0
2024-06-09,0.94,165,6.05,0.64,0.84,25.1,18.8,30.5,61.2,125.0
2024-06-10,1.2,251,6.05,0.88,0.78,24.6,17.1,34.4,67.3,314.0
2024-06-11,0.98,264,4.7,0.74,0.8,24.4,17.7,33.8,65.9,308.0
2024-06-12,1.14,292,4.3,1.06,0.58,23.6,15.1,36.0,69.8,321.0
2024-06-13,1.34,265,5.0,1.04,0.8,23.5,15.9,33.4,63.4,296.0
2024-06-14,0.82,209,4.3,0.46,0.66,21.5,16.2,24.5,44.6,143.0
2024-06-15,0.98,200,5.0,0.6,0.88,23.4,18.3,27.1,47.9,149.0
2024-06-16,0.72,229,4.4,0.4,0.48,22.4,16.4,21.0,45.0,294.0
2024-06-17,0.52,192,4.4,0.36,0.36,23.9,14.8,25.6,50.8,139.0
2024-06-18,0.92,151,4.8,0.74,0.54,30.3,17.9,29.3,54.4,128.0
2024-06-19,1.02,145,5.5,0.76,0.76,29.9,21.9,35.3,66.2,131.0
2024-06-20,1.16,144,5.7,1.1,0.88,29.7,20.4,29.3,55.8,136.0
2024-06-21,1.18,232,5.95,0.98,0.72,24.7,19.9,26.8,55.1,242.0
2024-06-22,1.4,260,5.2,1.24,0.7,25.9,18.8,33.1,66.2,295.0
2024-06-23,1.3,278,5.1,1.08,0.78,27.1,17.0,40.5,77.0,318.0
2024-06-24,0.72,245,5.05,0.22,0.54,26.0,16.6,23.2,46.4,178.0
2024-06-25,0.38,208,3.4,0.18,0.26,23.3,17.1,19.3,42.5,145.0
2024-06-26,0.42,221,4.75,0.04,0.42,24.6,18.2,13.9,33.5,186.0
2024-06-27,0.36,220,4.35,0.2,0.36,27.0,17.6,19.4,43.2,270.0
2024-06-28,0.38,185,6.0,0.12,0.36,26.5,19.8,16.7,37.8,156.0
2024-06-29,1.08,155,5.85,1.04,0.62,29.4,20.3,41.0,78.8,132.0
2024-06-30,0.92,204,5.0,0.56,0.64,24.7,19.6,20.3,46.4,271.0
2024-07-01,1.4,261,5.6,1.1,0.86,28.9,19.8,37.9,71.6,321.0
2024-07-02,1.62,293,5.3,1.38,0.88,26.5,19.7,41.6,79.9,323.0
2024-07-03,1.54,286,5.1,1.36,0.9,27.4,18.6,42.5,81.7,320.0
2024-07-04,1.2,280,4.7,0.94,0.76,28.8,19.6,35.2,63.7,310.0
2024-07-05,0.88,255,4.4,0.48,0.66,25.2,20.4,21.1,40.0,181.0
2024-07-06,0.64,154,3.95,0.62,0.32,26.0,20.4,21.1,44.3,147.0
2024-07-07,0.88,240,4.45,0.72,0.58,27.9,19.5,24.8,50.8,296.0
2024-07-08,0.72,229,5.15,0.14,0.66,27.6,18.4,17.4,38.5,266.0
2024-07-09,0.3,217,5.5,0.02,0.28,27.6,18.9,13.7,31.0,157.0
2024-07-10,0.24,220,4.45,0.02,0.24,27.6,19.1,12.1,30.6,213.0
2024-07-11,0.18,198,4.55,0.14,0.14,31.3,19.7,16.4,35.6,278.0
2024-07-12,1.04,237,4.8,0.72,0.76,29.1,22.1,26.7,49.7,272.0
2024-07-13,1.1,271,4.7,0.76,0.74,28.8,19.2,28.7,52.2,306.0
2024-07-14,0.4,244,3.8,0.12,0.38,27.8,19.4,14.9,34.9,264.0
2024-07-15,0.42,219,4.65,0.14,0.4,27.2,20.0,17.8,39.6,149.0
2024-07-16,0.9,233,4.8,0.58,0.72,32.9,21.9,23.5,47.9,298.0
2024-07-17,0.88,273,4.25,0.5,0.72,32.3,22.1,23.9,49.0,316.0
2024-07-18,0.46,239,3.55,0.2,0.38,30.2,19.8,14.5,33.5,277.0
2024-07-19,0.36,227,3.0,0.3,0.32,31.9,20.1,17.3,47.5,299.0
2024-07-20,0.38,219,3.25,0.2,0.34,30.8,23.0,15.8,35.6,150.0
2024-07-21,1.24,226,5.7,0.64,0.98,26.3,21.6,28.2,55.4,341.0
2024-07-22,1.5,267,6.05,0.78,1.12,30.9,20.9,30.1,54.7,327.0
2024-07-23,1.02,280,4.9,0.62,0.74,32.3,19.8,25.8,46.8,325.0
2024-07-24,0.9,313,3.8,0.86,0.34,31.0,22.0,36.4,69.8,328.0
2024-07-25,0.7,288,3.7,0.62,0.34,30.6,18.9,25.3,50.0,313.0
2024-07-26,0.3,235,4.7,0.0,0.24,28.8,20.6,11.2,27.7,165.0
2024-07-27,0.24,202,3.85,0.18,0.18,26.7,20.2,18.4,40.7,154.0
2024-07-28,0.26,196,4.6,0.08,0.22,31.2,20.1,15.6,34.6,294.0
2024-07-29,0.32,172,6.25,0.02,0.32,29.9,21.2,11.7,28.8,271.0
2024-07-30,0.48,192,5.85,0.26,0.4,30.9,21.3,21.7,45.0,142.0
2024-07-31,0.32,206,4.4,0.08,0.3,30.9,22.3,18.7,40.3,140.0
2024-08-01,0.42,219,4.5,0.22,0.42,33.0,22.1,17.9,38.9,283.0
2024-08-02,1.1,258,4.65,0.74,0.76,34.0,24.7,24.6,50.4,316.0
2024-08-03,1.16,281,4.9,0.84,0.82,33.3,23.8,35.4,68.8,325.0
2024-08-04,1.06,271,5.25,0.62,0.84,32.9,22.5,24.4,49.0,317.0
2024-08-05,0.62,264,3.85,0.32,0.52,31.3,20.7,18.8,35.3,302.0
2024-08-06,0.3,232,3.85,0.04,0.3,31.2,21.1,15.3,34.6,253.0
2024-08-07,0.52,240,3.85,0.34,0.4,32.3,21.1,22.7,52.6,276.0
2024-08-08,0.52,254,3.5,0.38,0.46,33.8,22.8,21.6,43.6,293.0
2024-08-09,0.62,263,3.65,0.46,0.46,34.2,22.4,21.3,43.6,306.0
2024-08-10,0.46,247,3.85,0.14,0.42,31.0,22.0,13.3,32.0,175.0
2024-08-11,0.12,175,3.2,0.06,0.1,30.8,22.8,16.5,39.2,164.0
2024-08-12,0.26,159,6.3,0.02,0.26,30.9,22.3,13.3,33.1,203.0
2024-08-13,0.34,170,6.7,0.14,0.34,30.3,21.4,12.6,30.6,259.0
2024-08-14,0.76,218,4.7,0.26,0.74,31.0,23.2,16.8,37.8,270.0
2024-08-15,0.98,249,6.6,0.14,0.86,29.0,21.7,23.4,42.5,347.0
2024-08-16,0.6,214,5.05,0.12,0.52,28.3,22.4,13.3,30.6,150.0
2024-08-17,0.4,168,5.4,0.14,0.38,28.4,21.4,14.8,34.6,286.0
2024-08-18,1.26,287,4.4,1.14,0.58,28.1,20.7,41.0,73.8,322.0
2024-08-19,1.28,291,5.15,1.14,0.8,30.0,18.8,38.3,71.6,325.0
2024-08-20,0.64,265,4.65,0.34,0.54,30.9,19.3,16.2,34.9,306.0
2024-08-21,1.24,278,4.65,1.0,0.76,29.4,22.5,37.6,72.4,324.0
2024-08-22,0.84,268,4.25,0.54,0.56,28.8,17.0,23.2,45.0,309.0
2024-08-23,0.34,225,4.4,0.0,0.26,27.7,16.6,10.7,27.4,188.0
2024-08-24,0.5,182,4.2,0.36,0.44,27.0,20.5,23.3,46.1,137.0
2024-08-25,0.82,246,4.45,0.56,0.52,29.6,21.2,27.0,52.2,327.0
2024-08-26,0.82,298,4.05,0.72,0.4,29.7,18.1,27.2,54.7,325.0
2024-08-27,0.54,261,4.45,0.24,0.36,31.1,19.5,11.9,28.8,33.0
2024-08-28,0.44,144,4.05,0.38,0.34,29.9,21.0,25.8,50.8,133.0
2024-08-29,0.2,191,4.75,0.02,0.18,28.5,20.0,11.7,31.0,233.0
2024-08-30,0.08,214,4.85,0.02,0.08,28.3,20.7,12.0,29.5,280.0
2024-08-31,0.16,178,5.6,0.0,0.16,31.3,19.1,11.5,27.4,293.0
2024-09-01,0.38,179,5.8,0.2,0.26,30.7,20.9,18.8,35.6,318.0
2024-09-02,0.42,198,5.0,0.34,0.22,29.5,21.9,14.4,39.2,103.0
2024-09-03,0.46,156,5.55,0.38,0.38,29.3,20.1,22.2,46.8,141.0
2024-09-04,0.48,149,4.6,0.3,0.48,28.0,20.3,23.7,46.4,104.0
2024-09-05,1.3,252,6.05,0.48,1.08,24.1,18.3,27.0,53.6,300.0
2024-09-06,0.94,186,4.25,0.82,0.48,25.3,17.8,26.0,49.0,125.0
2024-09-07,1.88,131,5.55,1.84,0.66,29.1,22.4,45.0,83.9,112.0
2024-09-08,1.06,178,4.95,0.66,0.7,25.3,18.9,30.0,52.6,146.0
2024-09-09,1.66,278,5.4,1.38,0.92,24.5,17.9,38.8,74.5,316.0
2024-09-10,1.62,297,5.05,1.42,0.74,23.5,18.2,42.0,78.5,323.0
2024-09-11,1.5,285,5.1,1.32,0.8,23.6,17.0,35.5,68.4,317.0
2024-09-12,1.86,294,5.05,1.8,0.62,19.3,14.7,48.8,92.2,318.0
2024-09-13,2.08,313,5.15,2.08,0.52,17.9,12.6,51.7,98.3,326.0
2024-09-14,1.62,321,4.9,1.56,0.48,22.6,12.9,36.9,73.4,338.0
2024-09-15,0.96,305,4.35,0.9,0.48,22.4,11.5,28.6,55.4,326.0
2024-09-16,0.84,290,5.1,0.58,0.64,24.6,12.9,25.0,49.0,334.0
2024-09-17,0.62,264,5.05,0.24,0.44,23.7,14.8,16.6,33.5,65.0
2024-09-18,0.32,143,4.9,0.12,0.24,21.5,14.2,11.6,24.8,314.0
2024-09-19,0.24,135,4.85,0.02,0.22,21.6,13.9,11.4,27.4,324.0
2024-09-20,0.4,158,3.5,0.24,0.26,23.4,15.0,18.8,37.1,116.0
2024-09-21,0.92,138,4.25,0.92,0.44,24.1,16.6,32.8,63.4,120.0
2024-09-22,0.98,140,5.3,0.9,0.8,24.1,19.1,33.4,66.6,122.0
2024-09-23,0.84,184,5.4,0.4,0.78,23.5,18.1,25.2,45.7,298.0
2024-09-24,0.64,244,4.5,0.38,0.52,20.5,15.6,15.9,30.2,305.0
2024-09-25,0.86,189,5.05,0.58,0.48,23.1,14.3,25.3,46.4,113.0
2024-09-26,1.7,197,6.5,0.86,1.66,24.4,20.6,33.0,63.4,144.0
2024-09-27,1.38,221,6.15,1.1,1.28,22.9,16.8,27.4,49.7,309.0
2024-09-28,1.74,280,5.6,1.46,0.94,19.9,14.6,43.7,82.4,314.0
2024-09-29,1.22,291,4.6,1.06,0.56,19.7,10.5,33.0,64.4,310.0
2024-09-30,0.48,213,5.25,0.08,0.48,22.2,14.7,14.0,31.0,125.0
2024-10-01,0.8,209,4.75,0.22,0.78,22.7,14.9,18.4,33.5,160.0
2024-10-02,0.9,229,5.25,0.52,0.9,21.2,17.2,27.5,54.0,301.0
2024-10-03,1.7,302,5.15,1.5,0.76,20.2,14.0,41.3,76.7,324.0
2024-10-04,1.7,296,5.25,1.5,0.84,18.1,12.2,41.3,74.5,325.0
2024-10-05,0.86,279,4.85,0.58,0.56,20.4,10.1,18.5,40.3,323.0
2024-10-06,0.48,162,6.45,0.34,0.38,18.9,11.7,19.9,40.0,102.0
2024-10-07,1.24,136,4.45,1.16,0.42,23.5,17.8,39.9,72.4,113.0
2024-10-08,1.22,170,6.15,1.14,1.06,21.3,15.4,39.8,71.6,134.0
2024-10-09,2.04,197,6.7,1.28,1.8,22.3,15.2,33.6,66.6,135.0
2024-10-10,2.08,230,6.95,1.14,1.84,21.4,16.4,36.2,69.5,308.0
2024-10-11,1.04,246,5.85,0.66,0.66,21.0,13.6,25.4,50.4,311.0
2024-10-12,1.04,180,4.9,0.72,0.68,19.6,12.4,28.4,55.4,119.0
2024-10-13,1.04,192,5.45,0.54,0.68,22.7,16.6,21.3,39.2,128.0
2024-10-14,0.54,177,5.45,0.0,0.5,21.4,14.7,7.7,21.6,162.0
2024-10-15,1.3,147,5.05,1.12,0.6,26.0,16.8,35.1,61.9,113.0
2024-10-16,1.3,139,5.0,1.22,0.66,22.9,19.0,38.6,72.7,115.0
2024-10-17,1.3,139,4.95,1.18,0.86,23.3,16.7,40.3,75.6,112.0
2024-10-18,1.5,223,6.55,0.48,1.32,17.9,14.1,18.9,38.5,276.0
2024-10-19,1.08,242,6.2,0.24,0.9,21.4,14.1,17.0,34.6,341.0
2024-10-20,0.52,252,4.8,0.26,0.4,22.6,12.8,17.6,31.3,338.0
2024-10-21,0.46,151,5.7,0.26,0.38,23.3,15.3,20.4,39.6,108.0
2024-10-22,0.46,152,5.95,0.1,0.42,22.9,15.3,9.7,20.5,8.0
2024-10-23,0.42,195,5.75,0.0,0.38,22.0,15.8,7.6,23.4,72.0
2024-10-24,0.7,138,4.1,0.66,0.2,21.6,15.5,26.4,49.3,118.0
2024-10-25,0.98,136,4.45,0.86,0.42,20.8,17.8,32.1,61.2,118.0
2024-10-26,1.18,135,5.2,1.04,0.78,19.6,17.4,32.9,61.2,111.0
2024-10-27,1.04,157,5.65,0.66,0.82,21.7,16.4,26.8,46.8,115.0
2024-10-28,0.74,160,5.75,0.14,0.58,23.0,15.3,16.6,33.8,92.0
2024-10-29,0.76,163,6.5,0.02,0.76,21.5,14.9,8.3,20.9,114.0
2024-10-30,0.66,162,7.05,0.02,0.66,22.8,13.8,10.9,26.3,94.0
2024-10-31,0.68,163,6.7,0.0,0.68,23.9,14.3,13.0,26.6,46.0
2024-11-01,0.56,159,6.3,0.02,0.56,22.3,12.9,12.5,25.6,67.0
2024-11-02,0.58,158,6.8,0.0,0.58,20.5,12.0,8.2,25.2,102.0
2024-11-03,0.6,162,6.75,0.0,0.6,20.8,12.4,7.5,17.3,99.0
2024-11-04,0.4,161,5.7,0.06,0.4,20.4,11.8,13.1,25.9,108.0
2024-11-05,0.42,164,5.4,0.04,0.4,19.7,12.4,10.2,23.4,88.0
2024-11-06,0.48,167,6.2,0.0,0.48,19.8,12.8,10.6,23.0,104.0
2024-11-07,0.68,144,5.2,0.2,0.66,20.2,12.1,16.5,33.5,90.0
2024-11-08,0.94,141,5.35,0.52,0.74,20.6,14.2,21.5,40.3,102.0
2024-11-09,1.28,133,5.35,0.94,0.8,19.2,15.1,24.0,43.9,89.0
2024-11-10,0.52,198,5.05,0.12,0.44,19.1,12.2,9.4,22.3,337.0
2024-11-11,0.6,276,5.0,0.36,0.42,18.3,9.6,18.4,36.7,336.0
2024-11-12,0.86,271,6.15,0.48,0.78,12.2,9.5,20.1,38.9,359.0
2024-11-13,1.04,136,6.45,0.4,1.0,16.7,7.9,14.7,32.0,357.0
2024-11-14,0.72,327,5.0,0.62,0.4,16.3,5.7,21.7,45.4,335.0
2024-11-15,0.36,139,4.75,0.02,0.3,16.0,7.6,7.9,21.2,99.0
2024-11-16,0.48,206,3.6,0.1,0.46,16.0,7.2,7.5,16.9,110.0
2024-11-17,0.6,237,3.65,0.44,0.46,16.2,11.5,18.8,37.8,315.0
2024-11-18,1.04,287,4.25,0.98,0.52,14.8,10.1,30.5,67.7,315.0
2024-11-19,0.92,265,4.15,0.84,0.5,15.7,9.1,26.1,48.6,311.0
2024-11-20,1.98,259,5.95,1.92,1.24,16.5,9.4,37.8,77.0,295.0
2024-11-21,1.94,231,5.85,1.68,1.0,17.2,7.2,35.3,72.0,259.0
2024-11-22,1.96,243,7.5,1.56,1.42,15.3,4.9,39.1,81.7,314.0
2024-11-23,0.86,214,8.4,0.56,0.72,12.5,3.3,26.3,50.8,67.0
2024-11-24,1.58,187,5.85,1.04,1.38,16.3,12.5,28.7,57.2,125.0
2024-11-25,1.58,153,5.7,1.3,1.16,16.2,14.1,35.8,74.2,112.0
2024-11-26,1.44,187,5.3,1.18,1.06,15.9,10.9,31.5,65.2,16.0
2024-11-27,0.58,201,5.3,0.14,0.34,15.9,8.7,9.9,19.1,344.0
2024-11-28,0.58,222,4.7,0.48,0.3,15.1,8.7,19.2,39.6,324.0
2024-11-29,0.64,275,4.6,0.52,0.36,16.7,8.7,22.4,45.7,339.0
2024-11-30,0.3,188,4.85,0.16,0.26,15.6,8.7,13.6,31.7,111.0
2024-12-01,0.22,176,4.75,0.02,0.16,15.1,8.0,10.3,19.1,43.0
2024-12-02,0.16,210,4.3,0.06,0.12,15.0,7.3,12.0,23.0,335.0
2024-12-03,1.14,289,4.3,1.04,0.6,12.1,7.4,32.2,70.6,323.0
2024-12-04,1.04,307,4.75,0.8,0.62,11.2,5.4,24.7,54.4,338.0
2024-12-05,1.04,291,4.75,0.8,0.54,12.7,3.8,22.5,45.4,339.0
2024-12-06,1.4,269,5.25,1.18,1.0,15.4,8.1,40.0,85.3,330.0
2024-12-07,1.78,265,5.8,1.46,0.98,14.2,8.0,34.8,70.6,313.0
2024-12-08,1.98,268,6.75,1.54,1.32,10.7,6.9,36.2,82.1,317.0
2024-12-09,1.5,265,6.45,0.86,1.08,11.8,6.1,28.8,61.6,334.0
2024-12-10,0.56,261,5.7,0.1,0.54,10.9,6.3,9.7,23.8,337.0
2024-12-11,0.52,161,4.95,0.06,0.5,13.8,5.0,10.4,21.6,17.0
2024-12-12,0.64,138,5.3,0.18,0.64,14.7,8.8,12.0,28.1,78.0
2024-12-13,1.5,134,6.55,0.98,1.22,13.9,9.2,27.8,58.0,94.0
2024-12-14,1.16,211,4.8,0.82,0.78,11.5,8.0,21.4,42.8,321.0
2024-12-15,1.48,287,5.45,1.08,0.96,10.2,5.7,34.1,74.5,327.0
2024-12-16,0.8,276,4.85,0.4,0.52,13.0,3.7,13.9,27.0,359.0
2024-12-17,0.98,216,5.1,0.32,0.96,14.6,6.8,16.5,34.2,176.0
2024-12-18,0.96,209,5.6,0.16,0.94,14.2,9.4,13.3,29.2,173.0
2024-12-19,1.92,223,5.35,1.74,0.78,15.8,9.6,36.6,77.4,8.0
2024-12-20,2.0,296,5.7,1.9,0.94,9.0,6.0,47.8,103.0,322.0
2024-12-21,1.58,281,5.15,1.34,0.76,12.4,5.7,36.8,76.0,320.0
2024-12-22,2.4,257,6.65,1.98,1.4,14.9,7.9,43.8,86.8,300.0
2024-12-23,2.4,287,6.1,2.04,1.24,9.7,6.1,44.6,96.8,327.0
2024-12-24,2.18,309,5.7,2.0,0.9,9.7,5.6,44.8,92.2,334.0
2024-12-25,0.66,282,4.65,0.34,0.46,13.2,2.7,12.6,27.0,2.0
2024-12-26,0.22,188,5.25,0.02,0.2,14.9,3.4,9.5,19.4,28.0
2024-12-27,0.2,128,5.3,0.02,0.2,14.8,3.4,11.5,23.4,17.0
2024-12-28,0.16,164,4.05,0.08,0.14,12.1,4.0,10.8,22.7,343.0
2024-12-29,0.22,274,3.85,0.08,0.22,11.6,2.1,8.3,15.5,332.0
2024-12-30,0.26,253,3.95,0.02,0.26,12.7,3.1,9.0,20.9,107.0
2024-12-31,0.06,231,3.6,0.0,0.06,12.7,5.2,7.4,18.0,70.0
2025-01-01,0.06,161,5.25,0.02,0.06,12.2,5.0,8.1,17.6,24.0
2025-01-02,0.78,195,5.25,0.38,0.74,14.1,6.2,18.4,40.3,167.0
2025-01-03,0.98,241,4.95,0.7,0.86,11.9,3.8,25.2,53.3,318.0
2025-01-04,0.74,237,6.5,0.5,0.38,10.5,2.2,14.5,32.0,348.0
2025-01-05,1.52,191,6.5,1.02,1.1,14.5,9.3,30.7,60.5,133.0
2025-01-06,2.08,192,6.55,1.32,1.6,14.9,12.5,32.5,64.1,148.0
2025-01-07,1.4,237,5.9,0.6,1.28,12.4,7.7,23.4,47.9,303.0
2025-01-08,1.46,209,6.6,0.36,1.46,15.4,7.3,23.2,46.8,129.0
2025-01-09,1.52,208,6.7,0.92,1.52,14.7,8.0,33.2,68.4,308.0
2025-01-10,1.48,255,5.45,0.94,1.06,11.8,6.4,33.4,68.4,326.0
2025-01-11,1.5,256,5.2,1.28,0.84,13.6,4.1,33.1,70.2,330.0
2025-01-12,1.38,304,5.2,1.12,0.7,8.3,1.9,22.9,52.2,339.0
2025-01-13,0.82,277,5.25,0.5,0.6,9.1,0.8,15.9,30.6,333.0
2025-01-14,0.58,170,5.55,0.2,0.38,9.5,0.4,9.4,22.0,343.0
2025-01-15,0.48,259,4.6,0.14,0.34,9.6,0.4,11.7,26.6,347.0
2025-01-16,0.84,174,6.9,0.1,0.8,12.6,3.3,16.6,34.9,48.0
2025-01-17,0.82,134,6.85,0.04,0.78,12.1,3.7,11.9,32.0,21.0
2025-01-18,0.42,132,5.6,0.04,0.38,12.8,3.5,9.7,19.8,11.0
2025-01-19,0.46,133,6.8,0.04,0.38,13.2,7.1,10.1,23.4,358.0
2025-01-20,0.66,136,5.95,0.34,0.48,13.5,9.1,14.9,36.4,89.0
2025-01-21,0.94,154,4.25,0.76,0.48,12.8,9.3,25.8,53.3,109.0
2025-01-22,1.16,153,4.85,0.92,0.66,14.1,11.4,29.9,57.2,110.0
2025-01-23,1.14,187,5.6,0.88,0.98,14.9,9.9,28.9,56.9,36.0
2025-01-24,0.88,210,5.3,0.56,0.66,14.6,4.8,25.2,49.3,76.0
2025-01-25,1.46,181,5.4,0.9,1.12,16.0,13.2,32.1,70.6,121.0
2025-01-26,1.2,211,5.25,0.54,1.12,13.6,8.1,26.1,53.3,256.0
2025-01-27,1.88,202,6.9,0.72,1.8,16.2,13.5,26.7,58.0,139.0
2025-01-28,2.26,215,7.05,1.32,1.94,15.2,10.0,33.4,70.2,283.0
2025-01-29,1.84,231,6.4,0.96,1.46,13.6,8.1,28.2,56.9,280.0
2025-01-30,1.92,197,6.6,0.92,1.68,13.5,9.6,28.6,61.6,117.0
2025-01-31,1.02,211,6.6,0.6,0.96,11.5,6.6,21.8,49.0,345.0
2025-02-01,0.9,231,5.25,0.48,0.72,12.0,5.9,21.9,48.6,43.0
2025-02-02,0.5,131,5.35,0.18,0.44,14.4,7.4,13.4,28.4,344.0
2025-02-03,0.36,160,4.45,0.1,0.26,14.2,4.9,10.6,25.2,340.0
2025-02-04,0.3,268,3.9,0.12,0.18,12.6,3.9,8.7,18.7,333.0
2025-02-05,0.22,267,3.65,0.08,0.16,13.3,5.3,12.0,27.7,345.0
2025-02-06,0.24,268,3.75,0.06,0.18,15.3,4.5,7.4,19.8,338.0
2025-02-07,1.74,134,5.45,1.66,0.34,11.7,6.5,31.9,68.0,113.0
2025-02-08,1.84,159,6.0,1.66,1.1,11.2,9.2,34.9,70.2,114.0
2025-02-09,1.16,176,5.9,0.34,0.82,13.6,7.4,16.2,33.1,340.0
2025-02-10,0.42,189,5.3,0.18,0.36,13.4,9.5,13.5,27.4,149.0
2025-02-11,0.68,188,4.05,0.46,0.46,13.3,10.9,26.4,48.2,125.0
2025-02-12,0.78,161,4.7,0.48,0.64,14.6,10.9,21.3,46.8,116.0
2025-02-13,0.64,153,4.8,0.2,0.62,14.8,9.6,12.9,31.0,328.0
2025-02-14,1.46,293,4.65,1.42,0.58,10.4,5.5,37.5,80.3,322.0
2025-02-15,0.88,287,5.5,0.62,0.52,13.6,3.2,14.8,32.4,30.0
2025-02-16,0.24,203,5.5,0.04,0.22,13.9,4.5,9.9,20.2,359.0
2025-02-17,0.38,193,4.3,0.14,0.26,13.2,4.4,12.7,30.6,136.0
2025-02-18,0.52,159,3.95,0.36,0.3,13.4,7.0,17.2,33.5,110.0
2025-02-19,0.82,138,4.65,0.64,0.58,14.0,9.7,22.3,49.0,119.0
2025-02-20,0.58,157,4.75,0.1,0.52,12.5,8.5,8.3,21.2,145.0
2025-02-21,0.82,141,4.75,0.78,0.24,14.6,6.5,27.4,59.0,110.0
2025-02-22,0.9,161,4.25,0.88,0.48,14.7,12.4,31.1,59.8,133.0
2025-02-23,0.74,170,4.9,0.32,0.58,15.2,12.1,15.5,32.4,100.0
2025-02-24,0.46,164,5.35,0.04,0.46,14.4,9.9,10.7,27.0,159.0
2025-02-25,0.84,202,4.65,0.52,0.62,14.3,11.1,25.3,50.8,241.0
2025-02-26,1.68,286,4.95,1.52,0.76,12.2,7.7,41.8,92.2,320.0
2025-02-27,1.14,270,4.85,0.88,0.66,15.4,6.5,28.8,64.1,314.0
2025-02-28,0.48,252,4.3,0.24,0.34,14.2,5.9,14.9,29.2,322.0
2025-03-01,0.46,181,5.35,0.06,0.44,14.0,7.0,9.8,27.4,358.0
2025-03-02,0.58,131,6.1,0.06,0.56,15.7,8.0,11.1,28.1,14.0
2025-03-03,0.64,140,5.95,0.18,0.62,15.5,5.9,16.3,37.8,98.0
2025-03-04,0.52,152,5.95,0.1,0.52,16.5,7.1,15.9,37.1,91.0
2025-03-05,0.76,156,6.55,0.42,0.76,16.0,8.0,21.6,49.0,109.0
2025-03-06,1.38,154,7.45,0.76,1.26,15.7,9.9,24.8,56.2,111.0
2025-03-07,1.3,159,7.4,0.48,1.18,15.8,11.8,22.4,50.0,114.0
2025-03-08,1.0,152,6.4,0.82,0.84,15.6,11.8,29.1,65.2,120.0
2025-03-09,2.22,147,7.15,2.0,1.58,15.1,11.5,40.1,89.6,114.0
2025-03-10,1.46,184,6.45,0.6,1.36,13.7,11.1,25.1,56.2,129.0
2025-03-11,0.98,186,5.8,0.54,0.92,14.4,10.0,24.6,52.9,121.0
2025-03-12,0.94,201,6.4,0.34,0.9,14.3,11.4,16.8,33.1,182.0
2025-03-13,1.04,221,6.0,0.54,0.84,13.2,8.2,19.5,40.3,293.0
2025-03-14,0.76,197,6.0,0.36,0.58,10.9,7.5,15.0,35.3,339.0
2025-03-15,1.14,249,5.4,0.66,0.92,12.1,4.9,25.9,57.2,309.0
2025-03-16,1.08,245,5.65,0.44,0.88,10.3,4.0,14.1,35.6,301.0
2025-03-17,0.5,211,6.25,0.1,0.34,13.3,3.4,11.9,25.9,318.0
2025-03-18,1.3,155,6.25,0.88,0.82,15.8,7.1,27.7,62.3,107.0
2025-03-19,1.34,136,5.95,1.0,0.82,13.8,9.3,27.6,60.5,115.0
2025-03-20,1.58,144,6.85,1.16,1.16,17.1,10.2,26.9,60.5,110.0
2025-03-21,2.18,144,6.9,1.96,1.56,18.2,12.8,44.0,86.4,110.0
2025-03-22,1.92,171,7.0,1.28,1.56,15.9,10.8,37.8,82.1,123.0
2025-03-23,1.34,202,6.6,0.12,1.16,15.5,8.0,14.8,38.9,105.0
2025-03-24,0.88,202,7.2,0.04,0.88,14.4,7.6,10.3,27.7,104.0
2025-03-25,0.6,202,6.25,0.04,0.46,16.9,6.5,9.9,27.4,294.0
2025-03-26,0.88,252,5.8,0.22,0.72,18.0,8.6,15.0,31.3,326.0
2025-03-27,0.82,260,5.75,0.34,0.7,17.8,8.4,17.0,40.3,322.0
2025-03-28,1.48,264,5.4,1.02,0.98,17.6,9.2,37.0,75.2,323.0
2025-03-29,1.82,289,6.15,1.34,1.06,15.7,10.2,38.5,91.1,325.0
2025-03-30,1.44,285,6.2,1.02,0.98,19.1,9.5,25.9,53.6,327.0
2025-03-31,1.62,303,5.45,1.46,0.88,20.5,11.9,41.8,91.8,337.0
2025-04-01,0.66,180,5.3,0.52,0.38,17.5,7.8,25.2,59.0,121.0
2025-04-02,1.06,139,4.95,0.96,0.72,16.8,11.2,30.9,71.3,118.0
2025-04-03,0.82,152,4.65,0.68,0.64,18.7,13.4,25.8,60.5,126.0
2025-04-04,0.78,163,6.05,0.4,0.66,21.4,11.8,21.3,46.8,113.0
2025-04-05,0.72,165,6.25,0.12,0.7,21.0,11.4,15.8,38.9,122.0
2025-04-06,0.82,206,5.85,0.16,0.7,21.9,10.9,12.3,32.0,223.0
2025-04-07,0.64,213,4.8,0.2,0.56,18.4,12.9,14.0,35.6,150.0
2025-04-08,0.32,169,4.55,0.08,0.2,17.8,8.9,15.8,40.7,148.0
2025-04-09,0.26,179,4.9,0.08,0.18,16.9,11.9,12.7,34.2,139.0
2025-04-10,0.24,186,4.95,0.02,0.18,17.7,10.6,12.5,39.2,214.0
2025-04-11,0.2,164,5.8,0.0,0.2,18.3,8.4,11.5,34.2,258.0
2025-04-12,1.16,159,5.3,0.78,0.72,19.5,11.7,26.2,60.8,116.0
2025-04-13,1.22,146,5.7,0.86,0.9,18.2,14.6,25.1,51.5,112.0
2025-04-14,0.8,149,5.35,0.58,0.72,19.6,14.1,23.9,54.7,122.0
2025-04-15,0.9,157,4.5,0.66,0.78,17.1,14.2,27.3,61.6,131.0
2025-04-16,0.9,197,6.05,0.24,0.88,15.6,12.2,15.4,34.6,172.0
2025-04-17,2.04,274,6.05,1.62,1.24,13.7,10.3,50.1,107.6,318.0
2025-04-18,1.16,253,5.1,0.82,0.7,16.7,9.1,27.2,58.7,309.0
2025-04-19,2.22,152,6.05,2.08,0.98,18.6,13.3,37.1,81.7,117.0
2025-04-20,1.58,178,6.0,0.94,1.28,17.8,12.8,24.5,55.4,140.0
2025-04-21,0.76,211,5.6,0.42,0.68,17.9,9.1,18.9,45.4,284.0
2025-04-22,1.12,242,5.1,0.54,0.92,20.2,12.2,20.0,44.3,306.0
2025-04-23,1.18,254,5.4,0.92,0.96,19.3,12.9,28.7,63.7,301.0
2025-04-24,1.22,280,4.6,1.04,0.72,20.5,12.6,35.2,80.3,318.0
2025-04-25,1.0,300,4.25,0.84,0.5,23.4,11.6,30.6,65.2,327.0
2025-04-26,0.48,256,4.35,0.18,0.44,19.5,10.9,14.1,36.7,280.0
2025-04-27,0.64,252,5.75,0.06,0.64,20.0,14.3,13.8,39.2,35.0
2025-04-28,0.36,247,4.8,0.02,0.36,22.2,12.8,11.1,37.4,37.0
2025-04-29,0.14,171,4.45,0.04,0.1,22.0,13.6,16.7,43.2,112.0
2025-04-30,0.1,159,5.35,0.0,0.1,23.4,12.0,9.4,28.4,172.0
2025-05-01,0.3,170,5.7,0.02,0.3,23.9,13.3,11.1,31.7,146.0
2025-05-02,0.66,166,6.2,0.36,0.46,24.3,14.3,17.1,42.5,119.0
2025-05-03,0.98,172,5.3,0.48,0.86,23.2,16.5,24.2,56.2,122.0
2025-05-04,0.94,165,5.3,0.42,0.84,22.0,16.2,21.4,50.8,131.0
2025-05-05,0.94,224,4.85,0.64,0.72,18.7,13.4,26.1,60.8,306.0
2025-05-06,1.02,254,5.4,0.68,0.58,16.9,11.6,26.3,57.6,311.0
2025-05-07,0.8,248,5.0,0.48,0.66,17.0,11.8,22.3,51.8,301.0
2025-05-08,0.6,242,4.1,0.38,0.46,18.6,11.3,19.9,47.2,298.0
2025-05-09,0.4,210,4.05,0.14,0.36,17.6,11.2,16.0,41.0,149.0
2025-05-10,0.56,185,4.6,0.4,0.44,20.5,13.5,21.6,51.5,125.0
2025-05-11,0.66,155,4.4,0.52,0.52,20.9,15.6,28.6,64.1,121.0
2025-05-12,0.68,195,5.25,0.44,0.54,21.9,12.6,17.1,43.9,285.0
2025-05-13,0.6,220,4.9,0.1,0.52,21.6,12.9,11.6,32.0,223.0
2025-05-14,0.2,203,5.5,0.0,0.14,21.7,12.2,13.2,36.4,178.0
2025-05-15,0.88,245,5.15,0.6,0.56,26.9,14.9,24.7,50.0,323.0
2025-05-16,1.04,266,6.3,0.76,0.98,22.3,15.0,26.3,55.1,306.0
2025-05-17,0.7,256,4.85,0.26,0.64,21.8,13.5,18.0,37.8,292.0
2025-05-18,0.54,227,4.1,0.16,0.5,21.8,13.4,15.6,39.6,196.0
2025-05-19,0.98,189,4.4,0.76,0.66,23.2,16.3,28.3,58.0,120.0
2025-05-20,1.04,197,5.05,0.48,0.86,21.3,16.0,25.1,56.2,303.0
2025-05-21,1.2,255,5.5,0.96,1.04,22.6,17.1,28.5,60.1,293.0
2025-05-22,1.7,274,5.2,1.48,0.88,20.8,15.4,41.4,92.5,312.0
2025-05-23,1.62,297,5.25,1.38,0.84,23.9,13.7,33.3,71.3,329.0
2025-05-24,0.94,287,5.15,0.64,0.72,24.7,13.8,25.9,58.7,327.0
2025-05-25,0.66,260,4.3,0.44,0.52,24.0,14.5,17.7,42.5,295.0
2025-05-26,1.02,257,4.65,0.8,0.8,25.4,18.0,25.4,60.1,303.0
2025-05-27,0.96,265,4.65,0.68,0.78,26.6,17.3,28.5,66.6,317.0
2025-05-28,0.78,261,4.1,0.52,0.58,29.0,16.3,27.2,58.7,307.0
2025-05-29,0.92,292,4.05,0.76,0.56,30.0,19.7,29.1,64.1,325.0
2025-05-30,0.42,218,3.35,0.2,0.3,27.3,17.5,19.1,43.6,140.0
2025-05-31,0.14,172,2.8,0.04,0.12,24.1,16.0,13.9,37.1,148.0
2025-06-01,0.12,204,3.05,0.04,0.1,24.6,16.8,12.4,34.9,158.0
2025-06-02,0.32,218,4.15,0.08,0.32,25.5,18.8,16.0,39.6,249.0
2025-06-03,0.86,168,5.05,0.46,0.7,26.5,18.9,21.6,50.4,130.0
2025-06-04,1.12,159,5.3,0.9,0.86,23.9,19.8,31.3,66.6,138.0
2025-06-05,0.64,175,6.25,0.04,0.64,23.7,18.4,13.1,35.6,249.0
2025-06-06,0.42,196,6.65,0.02,0.34,24.2,16.7,12.2,35.3,219.0
2025-06-07,0.22,201,4.45,0.08,0.12,25.1,18.2,11.8,33.8,220.0
2025-06-08,0.96,279,4.45,0.74,0.58,28.2,19.9,33.3,70.6,317.0
2025-06-09,0.84,288,4.0,0.68,0.44,28.6,17.4,29.2,66.2,312.0
2025-06-10,0.24,241,3.65,0.12,0.24,30.0,18.0,15.8,40.0,282.0
2025-06-11,0.24,214,3.0,0.16,0.16,27.5,19.6,15.6,39.2,146.0
2025-06-12,0.38,170,3.05,0.34,0.26,25.3,19.2,20.0,48.2,141.0
2025-06-13,0.28,194,4.65,0.02,0.28,28.1,18.7,10.3,30.2,160.0
2025-06-14,0.32,185,5.15,0.0,0.32,30.0,20.4,13.1,36.0,210.0
2025-06-15,0.64,199,5.05,0.38,0.48,30.2,20.8,19.7,49.3,288.0
2025-06-16,1.06,286,5.0,0.86,0.72,29.5,20.9,30.0,69.5,323.0
2025-06-17,0.64,274,3.85,0.4,0.4,27.4,20.1,15.9,38.9,201.0
2025-06-18,0.14,184,3.4,0.02,0.12,29.1,19.3,14.3,37.8,208.0
2025-06-19,0.28,238,3.05,0.12,0.26,29.3,20.0,12.9,34.6,274.0
2025-06-20,0.32,234,3.05,0.2,0.3,30.9,21.0,15.7,38.9,273.0
2025-06-21,0.42,221,4.65,0.02,0.42,30.8,22.4,14.3,37.8,147.0
2025-06-22,0.52,199,4.65,0.32,0.52,27.9,22.2,20.2,49.0,140.0
2025-06-23,0.48,214,4.65,0.04,0.48,28.6,20.7,11.7,34.2,213.0
2025-06-24,0.52,232,3.5,0.32,0.52,35.0,22.7,21.6,49.7,292.0
2025-06-25,0.48,197,3.55,0.36,0.48,28.6,23.1,19.9,48.6,142.0
2025-06-26,0.88,233,4.35,0.58,0.7,32.8,22.5,18.2,43.9,287.0
2025-06-27,0.86,264,4.45,0.44,0.68,35.7,23.8,23.0,54.7,319.0
2025-06-28,0.44,250,4.05,0.08,0.36,33.0,23.2,11.7,34.2,210.0
2025-06-29,0.22,229,3.6,0.1,0.2,32.5,23.5,16.2,42.5,151.0
2025-06-30,0.12,229,3.3,0.0,0.08,32.8,23.0,11.4,32.0,243.0
2025-07-01,0.22,239,2.9,0.18,0.2,34.3,25.2,16.8,41.0,259.0
2025-07-02,0.18,233,2.8,0.02,0.18,32.2,24.4,11.5,33.8,201.0
2025-07-03,0.7,249,4.2,0.24,0.64,34.2,23.6,16.6,42.1,278.0
2025-07-04,0.66,266,4.2,0.34,0.62,37.3,24.9,22.2,51.1,319.0
2025-07-05,0.92,264,4.65,0.58,0.9,34.9,26.0,21.8,50.4,295.0
2025-07-06,0.94,252,4.85,0.72,0.88,31.8,24.3,26.5,65.9,289.0
2025-07-07,1.36,266,4.95,1.14,0.72,29.1,20.2,32.6,73.4,305.0
2025-07-08,1.48,299,5.1,1.28,0.76,26.5,19.1,37.5,85.7,325.0
2025-07-09,1.06,311,4.05,1.0,0.42,28.2,17.3,29.3,61.9,320.0
2025-07-10,0.42,242,3.7,0.14,0.4,26.7,18.1,13.4,34.6,211.0
2025-07-11,0.12,222,4.7,0.02,0.12,25.8,17.3,12.7,36.7,170.0
2025-07-12,0.18,215,4.5,0.06,0.12,26.2,18.0,15.5,39.6,146.0
2025-07-13,0.66,189,6.15,0.16,0.58,25.7,20.6,18.1,38.9,161.0
2025-07-14,0.62,198,5.95,0.18,0.5,29.2,19.3,14.2,35.3,266.0
2025-07-15,1.18,235,4.8,0.82,0.84,32.4,21.7,24.5,51.8,294.0
2025-07-16,1.2,279,5.05,0.88,0.98,33.1,23.5,34.2,77.4,323.0
2025-07-17,0.88,308,3.8,0.82,0.48,33.7,25.0,31.3,72.0,326.0
2025-07-18,0.42,237,4.9,0.22,0.34,30.4,21.9,21.8,45.7,133.0
2025-07-19,0.78,159,5.15,0.66,0.5,30.0,23.4,24.0,52.9,127.0
2025-07-20,0.72,177,5.8,0.14,0.6,27.9,22.6,14.3,41.0,209.0
2025-07-21,1.04,227,5.6,0.76,0.7,26.5,20.5,23.1,46.1,304.0
2025-07-22,1.04,260,4.7,0.78,0.7,25.7,19.8,23.3,53.6,298.0
2025-07-23,0.62,241,4.0,0.32,0.6,28.4,20.4,17.4,38.9,300.0
2025-07-24,0.72,260,4.3,0.54,0.52,27.4,19.5,22.3,52.2,305.0
2025-07-25,0.9,271,4.8,0.52,0.76,28.2,19.0,27.1,63.4,319.0
2025-07-26,1.3,272,5.15,0.9,0.88,29.6,19.1,32.7,74.2,324.0
2025-07-27,1.46,273,5.2,1.14,0.86,29.9,21.6,34.6,70.6,310.0
2025-07-28,1.54,298,5.1,1.38,0.82,26.0,19.7,40.4,91.4,321.0
2025-07-29,1.16,302,4.5,1.04,0.54,29.4,18.5,33.5,68.0,325.0
2025-07-30,0.8,273,4.95,0.52,0.66,29.5,19.3,24.8,49.3,321.0
2025-07-31,0.84,261,4.2,0.68,0.66,27.6,20.5,25.1,55.4,302.0
2025-08-01,0.8,248,4.05,0.66,0.64,27.7,20.5,25.0,55.4,291.0
2025-08-02,1.06,262,4.55,0.9,0.8,27.3,22.0,29.7,69.5,308.0
2025-08-03,1.04,301,4.2,0.92,0.5,29.2,18.7,29.8,60.5,322.0
2025-08-04,0.54,279,4.0,0.38,0.3,27.8,18.8,21.5,44.3,313.0
2025-08-05,0.78,240,4.5,0.32,0.68,29.2,18.4,16.7,32.8,282.0
2025-08-06,0.86,270,4.35,0.46,0.68,28.4,20.6,23.0,44.6,311.0
2025-08-07,0.12,240,3.05,0.02,0.12,27.7,18.9,12.5,34.6,186.0
2025-08-08,0.14,215,5.0,0.02,0.14,28.9,19.9,10.6,32.0,262.0
2025-08-09,0.18,214,4.2,0.06,0.18,30.0,19.8,13.0,35.6,282.0
2025-08-10,0.22,188,5.55,0.02,0.16,32.0,21.9,9.0,27.4,261.0
2025-08-11,0.22,200,3.75,0.04,0.2,30.7,22.1,14.5,37.4,153.0
2025-08-12,0.14,206,3.65,0.08,0.14,34.6,24.3,12.3,32.4,289.0
2025-08-13,0.06,234,2.8,0.02,0.06,33.9,22.7,12.4,34.2,266.0
2025-08-14,0.14,239,2.55,0.1,0.1,33.7,23.8,13.8,34.9,189.0
2025-08-15,0.1,248,2.55,0.02,0.1,34.1,24.3,9.5,28.4,236.0
2025-08-16,0.38,271,2.95,0.34,0.16,,,,,
2025-08-17,0.58,319,3.3,0.52,0.28,,,,,
